{
 "Newton": {
  "x": [
   -1.2,
   -1.1997528089948273,
   -1.199503177532716,
   -1.1992510820749234,
   -1.19899649891141,
   -1.1987394040461292,
   -1.1984797733478754,
   -1.1982175823797723,
   -1.197952806562136,
   -1.1976854210326888,
   -1.1974154007099287,
   -1.197142720313204,
   -1.1968673542729267,
   -1.1965892769116373,
   -1.1963084622384197,
   -1.1960248839600818,
   -1.1957385156621838,
   -1.195449330613935,
   -1.195157301890209,
   -1.1948624022721723,
   -1.1945646044348197,
   -1.1942638806421433,
   -1.1939602029477767,
   -1.193653543205111,
   -1.1933438729913939,
   -1.1930311636089561,
   -1.1927153861586235,
   -1.1923965114576585,
   -1.1920745100312216,
   -1.1917493521599982,
   -1.191421007885448,
   -1.1910894469831743,
   -1.190754638923314,
   -1.190416552936152,
   -1.1900751579808304,
   -1.1897304227362944,
   -1.189382315613737,
   -1.1890308047379392,
   -1.1886758579268464,
   -1.188317442808811,
   -1.1879555266421935,
   -1.187590076418868,
   -1.1872210588683476,
   -1.1868484404121031,
   -1.1864721871731085,
   -1.1860922650171062,
   -1.1857086394582106,
   -1.1853212757657998,
   -1.1849301388696742,
   -1.1845351934433184,
   -1.1841364038219084
  ],
  "y": [
   1.0,
   1.0038067415904286,
   1.0075637501084593,
   1.0112714127274152,
   1.0149301119126595,
   1.0185402251472253,
   1.0221021253895015,
   1.0256161806592832,
   1.0290827545223262,
   1.032502205756342,
   1.03587488856496,
   1.0392011526815175,
   1.0424813431667508,
   1.0457158009376102,
   1.0489048622590396,
   1.052048858813276,
   1.0551481182375653,
   1.058202963629836,
   1.0612137139265052,
   1.0641806836726997,
   1.0671041835683053,
   1.0699845196847726,
   1.072821994052777,
   1.075616904719431,
   1.0783695455907758,
   1.0810802064730138,
   1.0837491733058184,
   1.0863767279791108,
   1.088963148356048,
   1.0915087084291308,
   1.0940136783775578,
   1.0964783245317795,
   1.0989029093017213,
   1.1012876913965683,
   1.1036329257675772,
   1.105938863627032,
   1.1082057525121647,
   1.1104338362768216,
   1.1126233550692504,
   1.1147745456765787,
   1.1168876410829343,
   1.1189628707777057,
   1.121000460803642,
   1.123000633666867,
   1.1249636083952275,
   1.1268896006809415,
   1.1287788226690376,
   1.130631483267087,
   1.1324477879309387,
   1.1342279389152623,
   1.1359721350896888
  ],
  "value": [
   24.199999999999996,
   23.813653743760916,
   23.434963573156907,
   23.063776822021683,
   22.699943857939488,
   22.343318025169033,
   21.993755581790364,
   21.651115645126893,
   21.31526013144802,
   20.986053703169198,
   20.663363712958287,
   20.34706014929486,
   20.037015585999615,
   19.733105127445064,
   19.43520636181981,
   19.143199311636028,
   18.856966381278774,
   18.576392313927467,
   18.301364142147584,
   18.031771144291163,
   17.767504796415878,
   17.5084587340284,
   17.254528705007292,
   17.005612528045535,
   16.761610052152697,
   16.522423116242784,
   16.28795550847378,
   16.058112928805404,
   15.832802950495223,
   15.611934982653683,
   15.395420233199836,
   15.183171673501626,
   14.975104003971769,
   14.771133618170694,
   14.571178570136597,
   14.375158540966066,
   14.182994806529695,
   13.994610205568677,
   13.80992910899035,
   13.628877387995281,
   13.451382386237476,
   13.277372889265767,
   13.106779095568804,
   12.939532589108397,
   12.775566311623212,
   12.614814535105815,
   12.457212836041984,
   12.302698068579986,
   12.1512083398682,
   12.002682984312948,
   11.857062539937647
  ]
 },
 "Shampoo": {
  "x": [
   -1.2,
   -0.737076178143252,
   -0.8749431526935155,
   -0.8313039929731506,
   -0.8240466552726454,
   -0.8094080279292915,
   -0.7959144105287893,
   -0.7821173284472602,
   -0.7682491366197035,
   -0.754291791957278,
   -0.7402614987424052,
   -0.7261718209190605,
   -0.7120377635551263,
   -0.697875275366505,
   -0.6837011555219583,
   -0.6695328964559516,
   -0.6553885024472781,
   -0.6412862853671483,
   -0.6272446431283634,
   -0.6132818275529508,
   -0.5994157093523291,
   -0.5856635484467467,
   -0.5720417778265113,
   -0.5585658085954824,
   -0.5452498627191988,
   -0.5321068384607658,
   -0.5191482116603807,
   -0.506383974051213,
   -0.4938226079191931,
   -0.48147109472055294,
   -0.4693349539309782,
   -0.4574183074517596,
   -0.44572396437536455,
   -0.4342535207859028,
   -0.42300746947933626,
   -0.4119853149467059,
   -0.40118568959411677,
   -0.3906064678896022,
   -0.3802448758537006,
   -0.37009759401086456,
   -0.3601608525402844,
   -0.35043051790041935,
   -0.34090217063551526,
   -0.3315711744107411,
   -0.32243273657892535,
   -0.31348196074929197,
   -0.30471389194898985,
   -0.2961235550241593,
   -0.2877059869503945,
   -0.279456263719626,
   -0.27136952244247364
  ],
  "y": [
   1.0,
   1.1889484986677417,
   0.7083315022725346,
   0.712900613162013,
   0.682354847639391,
   0.6614364615238999,
   0.63891884657885,
   0.6169006991170798,
   0.5950524596724804,
   0.5734534255351743,
   0.5521236655190779,
   0.5310913819234853,
   0.5103841051946716,
   0.4900293153487822,
   0.47005402069945285,
   0.45048440939598267,
   0.4313454838279448,
   0.4126606970703952,
   0.3944516036584921,
   0.3767375379127889,
   0.3595353325572081,
   0.3428590890305936,
   0.3267200086587198,
   0.3111262909263687,
   0.29608310165841417,
   0.28159261031356014,
   0.26765409214895525,
   0.2542640879814602,
   0.24141661196389036,
   0.22910339628071857,
   0.21731416106225973,
   0.2060368980234865,
   0.19525815722541,
   0.18496332777423974,
   0.17513690498759638,
   0.16576273839614794,
   0.15682425674309092,
   0.14830466778205154,
   0.1401871320599527,
   0.13245491100642312,
   0.12509149048368115,
   0.11808068154688878,
   0.11140670052417086,
   0.10505423070562905,
   0.09900846797532667,
   0.09325515264447995,
   0.08778058962101909,
   0.08257165886255254,
   0.07761581785961008,
   0.0729010976933664,
   0.06841609400167092
  ],
  "value": [
   24.199999999999996,
   44.706047775405715,
   3.8425273973066005,
   3.401347912331655,
   3.32823649299295,
   3.27792024729811,
   3.2282669483146935,
   3.1786390880042337,
   3.1290531130278474,
   3.0795622783568724,
   3.030221212586432,
   2.9810873318356577,
   2.9322200258868607,
   2.883680099963607,
   2.835529095994532,
   2.787828550951813,
   2.7406392091061624,
   2.694020213639126,
   2.6480283056969447,
   2.6027170602760745,
   2.5581361875300863,
   2.514330925285883,
   2.4713415438171062,
   2.429202977810177,
   2.3879445933874206,
   2.3475900908207934,
   2.308157536800659,
   2.2696595143154368,
   2.2321033738484117,
   2.195491566770017,
   2.1598220406209627,
   2.125088676180665,
   2.0912817475782695,
   2.058388388880981,
   2.0263930532737087,
   1.9952779537959413,
   1.9650234774258648,
   1.9356085669026728,
   1.9070110669404772,
   1.879208033383558,
   1.8521760053529135,
   1.8258912415664867,
   1.8003299228180076,
   1.7754683231217525,
   1.751282952339095,
   1.7277506732077057,
   1.7048487956990346,
   1.682555151514032,
   1.6608481513588143,
   1.639706827438729,
   1.619110863381972
  ]
 },
 "LevenbergMarquardt": {
  "x": [
   -1.2,
   -1.1752759058840914,
   -1.1752759058840914,
   -1.1752759058840914,
   -1.1752759058840914,
   -1.1752759058840914,
   -1.1752759058840914,
   -1.1752759058840914,
   -1.1752759058840914,
   -1.1752759058840914,
   -1.1752759058840914,
   -1.1752759058840914,
   -1.1752759058840914,
   -1.1752759058840914,
   -1.1752759058840914,
   -0.956018454619338,
   -0.7803790675166864,
   -0.5396093776442498,
   -0.41715531630553404,
   -0.41715531630553404,
   -0.41715531630553404,
   -0.41715531630553404,
   -0.41715531630553404,
   -0.41715531630553404,
   -0.12682729781725577,
   -0.06332977386869881,
   -0.06332977386869881,
   -0.06332977386869881,
   -0.06332977386869881,
   -0.06332977386869881,
   -0.06332977386869881
  ],