{
 "OneCycle": {
  "totalSteps": 100,
  "baseLr": 0.5,
  "lr": [
   0.02,
   0.02131474511161441,
   0.025244575823886634,
   0.03174643608916315,
   0.04074909016577579,
   0.052153903091734705,
   0.06583592135001261,
   0.08164524188542538,
   0.09940865447387402,
   0.11893153944980644,
   0.13999999999999996,
   0.1623832056618079,
   0.1858359213500126,
   0.21010119420373777,
   0.23491316881576316,
   0.2599999999999999,
   0.2850868311842368,
   0.3098988057962623,
   0.3341640786499874,
   0.35761679433819205,
   0.37999999999999995,
   0.4010684605501935,
   0.42059134552612587,
   0.4383547581145746,
   0.45416407864998737,
   0.46784609690826534,
   0.47925090983422425,
   0.48825356391083685,
   0.49475542417611335,
   0.49868525488838567,
   0.5,
   0.49974091944800825,
   0.4989642147760403,
   0.49767149582313663,
   0.4958654419467339,
   0.49354979646928715,
   0.4907293589196625,
   0.4874099750853809,
   0.4835985248963306,
   0.47930290816506177,
   0.47453202821321866,
   0.4692957734180462,
   0.4636049967172176,
   0.4574714931144643,
   0.4509079752326291,
   0.44392804696481425,
   0.4365461752782355,
   0.4287776602292235,
   0.42063860325152036,
   0.41214587378359957,
   0.4033170743041788,
   0.39417050384839464,
   0.384725120080258,
   0.3750005,
   0.36501679936775033,
   0.35479471092764564,
   0.3443554215189578,
   0.33372056816313433,
   0.32291219321776676,
   0.311952698690439,
   0.3008647998071454,
   0.2896714779315164,
   0.27839593293243264,
   0.2670615350987544,
   0.25569177670082854,
   0.2443102232991714,
   0.23294046490124565,
   0.2216060670675673,
   0.21033052206848363,
   0.19913720019285466,
   0.18804930130956105,
   0.1770898067822332,
   0.16628143183686564,
   0.15564657848104219,
   0.14520728907235447,
   0.1349852006322497,
   0.12500150000000004,
   0.11527687991974203,
   0.10583149615160535,
   0.09668492569582117,
   0.08785612621640047,
   0.07936339674847971,
   0.07122433977077648,
   0.06345582472176449,
   0.05607395303518573,
   0.0490940247673709,
   0.04253050688553574,
   0.03639700328278238,
   0.030706226581953832,
   0.02546997178678136,
   0.0206990918349383,
   0.0164034751036694,
   0.012592024914619105,
   0.009272641080337565,
   0.006452203530712927,
   0.004136558053266128,
   0.002330504176863347,
   0.0010377852239597109,
   0.0002610805519917575,
   2e-06
  ]
 },
 "CosineWarmRestarts": {
  "totalSteps": 100,
  "baseLr": 0.5,
  "lr": [
   0.5,
   0.4945369001834514,
   0.4783863644106502,
   0.45225424859373686,
   0.41728265158971456,
   0.375,
   0.32725424859373686,
   0.2761321158169134,
   0.22386788418308667,
   0.17274575140626316,
   0.12500000000000006,
   0.08271734841028552,
   0.047745751406263165,
   0.021613635589349756,
   0.005463099816548578,
   0.5,
   0.4986304738420683,
   0.4945369001834514,
   0.4877641290737884,
   0.4783863644106502,
   0.4665063509461097,
   0.45225424859373686,
   0.43578620636934856,
   0.41728265158971456,
   0.3969463130731183,
   0.375,
   0.3516841607689501,
   0.32725424859373686,
   0.3019779227044398,
   0.2761321158169134,
   0.25000000000000006,
   0.22386788418308667,
   0.19802207729556015,
   0.17274575140626316,
   0.14831583923105,
   0.12500000000000006,
   0.10305368692688174,
   0.08271734841028552,
   0.0642137936306515,
   0.047745751406263165,
   0.03349364905389032,
   0.021613635589349756,
   0.012235870926211617,
   0.005463099816548578,
   0.0013695261579316498,
   0.5,
   0.49965738368864343,
   0.4986304738420683,
   0.49692208514878444,
   0.4945369001834514,
   0.49148145657226705,
   0.4877641290737884,
   0.4833951066243004,
   0.4783863644106502,
   0.47275163104709195,
   0.4665063509461097,
   0.459667641986356,
   0.45225424859373686,
   0.4442864903642427,
   0.43578620636934856,
   0.4267766952966369,
   0.41728265158971456,
   0.4073300977624593,
   0.3969463130731183,
   0.38615975875375674,
   0.375,
   0.3634976249348867,
   0.3516841607689501,
   0.3395919873863251,
   0.32725424859373686,
   0.3147047612756302,
   0.3019779227044398,
   0.28910861626005774,
   0.2761321158169134,
   0.26308398906073593,
   0.25000000000000006,
   0.2369160109392641,
   0.22386788418308667,
   0.2108913837399423,
   0.19802207729556015,
   0.18529523872436984,
   0.17274575140626316,
   0.16040801261367493,
   0.14831583923105,
   0.1365023750651133,
   0.12500000000000006,
   0.11384024124624331,
   0.10305368692688174,
   0.09266990223754068,
   0.08271734841028552,
   0.07322330470336313,
   0.0642137936306515,
   0.055713509635757275,
   0.047745751406263165,
   0.040332358013644015,
   0.03349364905389032,
   0.027248368952908053,
   0.021613635589349756,
   0.016604893375699564,
   0.012235870926211617
  ]
 },
 "WSD": {
  "totalSteps": 100,
  "baseLr": 0.5,
  "lr": [
   0.05,
   0.1,
   0.15,
   0.2,
   0.25,
   0.3,
   0.35,
   0.4,
   0.45,
   0.5,
   0.5,
   0.5,
   0.5,
   0.5,
   0.5,
   0.5,
   0.5,
   0.5,
   0.5,
   0.5,
   0.5,
   0.5,
   0.5,
   0.5,
   0.5,
   0.5,
   0.5,
   0.5,
   0.5,
   0.5,
   0.5,
   0.5,
   0.5,
   0.5,
   0.5,
   0.5,
   0.5,
   0.5,
   0.5,
   0.5,
   0.5,
   0.5,
   0.5,
   0.5,
   0.5,
   0.5,
   0.5,
   0.5,
   0.5,
   0.5,
   0.5,
   0.5,
   0.5,
   0.5,
   0.5,
   0.5,
   0.5,
   0.5,
   0.5,
   0.5,
   0.5,
   0.5,
   0.5,
   0.5,
   0.5,
   0.5,
   0.5,
   0.5,
   0.5,
   0.5,
   0.5,
   0.5,
   0.5,
   0.5,
   0.5,
   0.5,
   0.5,
   0.5,
   0.5,
   0.5,
   0.5,
   0.475,
   0.45,
   0.425,
   0.4,
   0.375,
   0.35,
   0.325,
   0.3,
   0.275,
   0.25,
   0.225,
   0.2,
   0.175,
   0.15,
   0.125,
   0.1,
   0.075,
   0.05,
   0.025
  ]
 },
 "REX": {
  "totalSteps": 100,
  "baseLr": 0.5,